/*
SQLyog 企业版 - MySQL GUI v8.14 
MySQL - 5.5.40 : Database - assets
*********************************************************************
*/

/*!40101 SET NAMES utf8 */;

/*!40101 SET SQL_MODE=''*/;

/*!40014 SET @OLD_UNIQUE_CHECKS=@@UNIQUE_CHECKS, UNIQUE_CHECKS=0 */;
/*!40014 SET @OLD_FOREIGN_KEY_CHECKS=@@FOREIGN_KEY_CHECKS, FOREIGN_KEY_CHECKS=0 */;
/*!40101 SET @OLD_SQL_MODE=@@SQL_MODE, SQL_MODE='NO_AUTO_VALUE_ON_ZERO' */;
/*!40111 SET @OLD_SQL_NOTES=@@SQL_NOTES, SQL_NOTES=0 */;
CREATE DATABASE /*!32312 IF NOT EXISTS*/`assets` /*!40100 DEFAULT CHARACTER SET utf8 */;

USE `assets`;

/*Table structure for table `admin` */

DROP TABLE IF EXISTS `admin`;

CREATE TABLE `admin` (
  `id` int(11) NOT NULL,
  `name` varchar(20) DEFAULT NULL,
  `password` varchar(20) DEFAULT NULL,
  PRIMARY KEY (`id`)
) ENGINE=InnoDB DEFAULT CHARSET=utf8;

/*Data for the table `admin` */

insert  into `admin`(`id`,`name`,`password`) values (1,'admin','123');

/*Table structure for table `assets` */

DROP TABLE IF EXISTS `assets`;

CREATE TABLE `assets` (
  `id` int(11) NOT NULL AUTO_INCREMENT,
  `users` varchar(10) DEFAULT NULL,
  `p_type` varchar(50) DEFAULT NULL,
  `amount` varchar(11) DEFAULT NULL,
  `model` varchar(50) DEFAULT NULL,
  `price` varchar(20) DEFAULT NULL,
  `configration` varchar(100) DEFAULT NULL,
  `serial_number` varchar(50) DEFAULT NULL,
  `buy_time` varchar(20) DEFAULT NULL,
  `receive_time` varchar(20) DEFAULT NULL,
  `p_status` varchar(11) DEFAULT NULL,
  `number` varchar(10) DEFAULT NULL,
  `remark` varchar(100) DEFAULT NULL,
  `company_id` int(11) DEFAULT NULL,
  `type_id` int(11) DEFAULT NULL,
  PRIMARY KEY (`id`),
  KEY `fk_assets_type_id` (`type_id`),
  KEY `fk_assets_company_id` (`company_id`),
  CONSTRAINT `fk_assets_company_id` FOREIGN KEY (`company_id`) REFERENCES `company` (`id`),
  CONSTRAINT `fk_assets_type_id` FOREIGN KEY (`type_id`) REFERENCES `category` (`id`)
) ENGINE=InnoDB AUTO_INCREMENT=333476 DEFAULT CHARSET=utf8;

/*Data for the table `assets` */

insert  into `assets`(`id`,`users`,`p_type`,`amount`,`model`,`price`,`configration`,`serial_number`,`buy_time`,`receive_time`,`p_status`,`number`,`remark`,`company_id`,`type_id`) values (1,'严振','计算机类.','1','thinkpad E550','4300','33233243','SN:PF-07RNC3','7-Mar-1611','7-Mar-1611','在用','XP001','2121',3,1),(2,'邵邹丽','计算机类.					','12121','DELL inspiron 3421','5000511','intel i5-5200u@2.','SN:5B1V1Z121212','12122121','1-Feb-161','在用1212','XP00212121','从成都公司',1,3),(333398,'黄家驹','computer','1','PC','5000','500G','SN23323','2016-08-01','2016-08-02','in use','111','remarks',2,2),(333403,'哈哈','1','1','1','1','1','1','1323','13232','232','1','32',2,3),(333404,'32323','323232','3232','3232','3232','3232','32','2016-08-17','2016-08-17','323232','32323232','323232323',2,4),(333420,'zhangdan','1','3','3','3','3','3','3','3','3','3','4',3,2),(333427,'李四','333','44','3','6400','3','44','3','2016-06-07','3','43','3',2,1),(333428,'李四','计算机类','3','SN3232','3600','3','3','3','3','3','3','1',1,1),(333453,'3232','3232','3232323232','32323','23232332','3','2323232','323232','2016-07-04 16:18:11','3232','3232','3232',1,1),(333454,'疯子','qq','qq','qq','qq','qqq','qq','2016-08-03 16:18:38','2016-08-11 16:18:38','qq','qq','qqq',1,1),(333455,'q','qq','q','q','q','q','qqqq','2016-08-12 16:20:00','2016-08-04 16:20:00','q','q','q',2,2),(333456,'q','q','q','q','q','q','qqqq','2016-08-02 16:20:22','2016-08-03 16:20:23','q','q','',2,3),(333457,'q','q','q','q','q','','q','2016-08-11 16:21:00','2016-08-20 16:21:02','q','q','q',3,1),(333458,'q','q','q','q','q','q','q','2016-08-03 16:22:57','2016-08-05 16:22:58','q','q','q',1,3),(333459,'q','q','q','q','q','q','q','q','q','q','q','q',3,2),(333460,'32323322','323232','323','32','32','323','323','2016-08-18 12:38:43','2016-08-25 12:38:44','3232','3232','3232',3,1),(333461,'2121','2121','2121','21212','1212','1212','12122','2016-08-16 19:09:53','2016-08-04 19:09:54','2212','2121','2122212',2,3),(333466,'11','11','11','11','李四','22','11','2016-08-23','2016-08-16','11','XP002','22',2,1),(333467,'胡贵齐','计算机.笔记本电脑','1','DELL inspiron 3421','6300','intel i7-5500u@2.4GHZ/8G/500G','SN:PF-07RNC3','2016-08-09','2016-08-09','再用','XP001','从成都公司拿回',2,1),(333468,'程兴','笔记本计算机','11','DElL','11','11','11','2016-08-09 15:26:58','2016-08-09 15:27:00','再用','XP001','新买的',2,1),(333469,'严振','计算机：笔记本电脑','1','DELL','8900','500G','SN0012222323','20160606','20160609','再用','Xp001','新买的',1,3),(333470,'3232','323','3232','323','323','32','1','2016-08-17 17:09:28','2016-08-23 17:09:29','在用','XP002','323',3,1),(333471,'邹舟','计算机电脑','1','','','','','','1','1','1','1',3,2),(333473,'zhangmeng','计算机类','1','DELL','3232','intel i7-5500u@2.4HZ/8G/500G','SN:5B1V1Z1','2016-08-23 14:53:43','2016-08-03 14:53:46','在用','XP002','成都公司拿回	',2,1),(333474,'xiaogui','1','1','1','1','1','SN121212121','2016-08-03 14:25:10','2016-08-04 14:25:12','再用','001','remark',2,1),(333475,'beyond','计算机电脑','1','DELL','8600','500G','DNsss','2016-08-04 10:48:14','2016-08-11 10:48:15','zaiong ','Xp 001','sss ',2,1);

/*Table structure for table `category` */

DROP TABLE IF EXISTS `category`;

CREATE TABLE `category` (
  `id` int(11) NOT NULL AUTO_INCREMENT,
  `NAME` varchar(20) DEFAULT NULL,
  `remark` varchar(20) DEFAULT NULL,
  PRIMARY KEY (`id`)
) ENGINE=InnoDB AUTO_INCREMENT=5 DEFAULT CHARSET=utf8;

/*Data for the table `category` */

insert  into `category`(`id`,`NAME`,`remark`) values (1,'计算机','计算机类'),(2,'服务器','服务器类'),(3,'工具','工具类'),(4,'耗材','耗材类');

/*Table structure for table `company` */

DROP TABLE IF EXISTS `company`;

CREATE TABLE `company` (
  `id` int(11) NOT NULL AUTO_INCREMENT,
  `name` varchar(20) DEFAULT NULL,
  `remark` char(20) DEFAULT NULL,
  PRIMARY KEY (`id`)
) ENGINE=InnoDB AUTO_INCREMENT=4 DEFAULT CHARSET=utf8;

/*Data for the table `company` */

insert  into `company`(`id`,`name`,`remark`) values (1,'宝鸡','宝鸡总部'),(2,'武汉','武汉分公司'),(3,'上海','上海分公司');

/*Table structure for table `log` */

DROP TABLE IF EXISTS `log`;

CREATE TABLE `log` (
  `id` int(11) NOT NULL AUTO_INCREMENT,
  `create_time` varchar(20) DEFAULT NULL,
  `operator` varchar(20) DEFAULT NULL,
  `content` text,
  `remark` text,
  PRIMARY KEY (`id`)
) ENGINE=InnoDB AUTO_INCREMENT=426 DEFAULT CHARSET=utf8;

/*Data for the table `log` */

insert  into `log`(`id`,`create_time`,`operator`,`content`,`remark`) values (1,'2016-08-08 09:36:50','admin','用户登录','用户名：admin'),(2,'2016-08-08 09:37:15','admin','修改资产',''),(3,'2016-08-08 09:38:59','admin','增加资产','id：1，所有者：admin，……，备注：无'),(4,'2016-08-08 09:40:20','admin','修改资产','所有者：admin 改为 user1，……，备注：无 改为 固定资产'),(5,'2016-08-08 09:40:49','admin','删除资产','id：333400'),(6,'2016-08-08 10:10:27','胡贵齐','用户登录','用户名：胡贵齐'),(7,'2016-08-08 10:37:09','胡贵齐','用户登录','用户名：hugq@xipudata.com'),(8,'2016-08-08 10:54:03','胡贵齐','用户登录','用户名：hugq@xipudata.com'),(9,'2016-08-08 10:55:21','胡贵齐','用户退出','用户名：胡贵齐'),(10,'2016-08-08 10:55:24','胡贵齐','用户登录','用户名：hugq@xipudata.com'),(11,'2016-08-08 10:55:25','胡贵齐','用户退出','用户名：胡贵齐'),(12,'2016-08-08 10:55:35','胡贵齐','用户登录','用户名：胡贵齐'),(13,'2016-08-08 10:56:12','胡贵齐','用户退出','用户名：胡贵齐'),(14,'2016-08-08 10:56:13','胡贵齐','用户登录','用户名：胡贵齐'),(15,'2016-08-08 10:56:15','胡贵齐','用户退出','用户名：胡贵齐'),(16,'2016-08-08 10:56:16','胡贵齐','用户登录','用户名：胡贵齐'),(17,'2016-08-08 10:56:17','胡贵齐','用户退出','用户名：胡贵齐'),(18,'2016-08-08 10:56:18','胡贵齐','用户登录','用户名：胡贵齐'),(19,'2016-08-08 11:08:32','胡贵齐','用户退出','用户名：胡贵齐'),(20,'2016-08-08 11:09:36','胡贵齐','用户登录','用户名：胡贵齐'),(21,'2016-08-08 12:12:32','胡贵齐','用户登录','用户名：胡贵齐'),(22,'2016-08-08 12:48:15','胡贵齐','用户退出','用户名：胡贵齐'),(23,'2016-08-08 12:48:16','胡贵齐','用户登录','用户名：胡贵齐'),(24,'2016-08-08 13:17:44','胡贵齐','用户登录','用户名：胡贵齐'),(25,'2016-08-08 13:20:45','胡贵齐','用户登录','用户名：胡贵齐'),(26,'2016-08-08 13:21:47','胡贵齐','用户退出','用户名：胡贵齐'),(27,'2016-08-08 13:21:59','胡贵齐','用户登录','用户名：胡贵齐'),(28,'2016-08-08 13:23:54','胡贵齐','用户退出','用户名：胡贵齐'),(29,'2016-08-08 13:24:02','胡贵齐','用户登录','用户名：胡贵齐'),(30,'2016-08-08 13:27:51','胡贵齐','用户退出','用户名：胡贵齐'),(31,'2016-08-08 13:27:59','胡贵齐','用户登录','用户名：胡贵齐'),(32,'2016-08-08 13:55:09','胡贵齐','用户登录','用户名：胡贵齐'),(33,'2016-08-08 13:58:32','胡贵齐','用户登录','用户名：胡贵齐'),(34,'2016-08-08 14:08:53','胡贵齐','增加资产','id：1，所有者：admin，……，备注：无'),(35,'2016-08-08 14:10:48','胡贵齐','增加资产','id：1，所有者：admin，……，备注：无'),(36,'2016-08-08 14:15:10','胡贵齐','用户登录','用户名：胡贵齐'),(37,'2016-08-08 14:16:32','胡贵齐','用户登录','用户名：胡贵齐'),(38,'2016-08-08 14:16:45','胡贵齐','修改资产','所有者：admin 改为 user1，……，备注：无 改为 固定资产'),(39,'2016-08-08 14:22:40','胡贵齐','用户登录','用户名：胡贵齐'),(40,'2016-08-08 14:27:36','胡贵齐','删除资产','id：333399'),(41,'2016-08-08 14:29:26','胡贵齐','用户登录','用户名：胡贵齐'),(42,'2016-08-08 14:54:29','胡贵齐','用户登录','用户名：胡贵齐'),(43,'2016-08-08 14:54:41','胡贵齐','用户登录','用户名：胡贵齐'),(44,'2016-08-08 14:56:19','胡贵齐','用户登录','用户名：胡贵齐'),(45,'2016-08-08 15:15:03','胡贵齐','用户退出','用户名：胡贵齐'),(46,'2016-08-08 15:15:05','胡贵齐','用户登录','用户名：胡贵齐'),(47,'2016-08-08 15:15:15','胡贵齐','用户退出','用户名：胡贵齐'),(48,'2016-08-08 15:15:19','胡贵齐','用户登录','用户名：hugq@xipudata.com'),(49,'2016-08-08 15:42:03','胡贵齐','用户登录','用户名：hugq@xipudata.com'),(50,'2016-08-08 15:45:16','胡贵齐','用户登录','用户名：hugq@xipudata.com'),(51,'2016-08-08 15:50:06','胡贵齐','用户登录','用户名：hugq@xipudata.com'),(52,'2016-08-08 15:51:42','胡贵齐','修改资产','所有者：admin 改为 user1，……，备注：无 改为 固定资产'),(53,'2016-08-08 15:52:46','胡贵齐','修改资产','所有者：admin 改为 user1，……，备注：无 改为 固定资产'),(54,'2016-08-08 15:52:59','胡贵齐','删除资产','id：333411'),(55,'2016-08-08 15:54:50','胡贵齐','修改资产','所有者：admin 改为 user1，……，备注：无 改为 固定资产'),(56,'2016-08-08 15:54:57','胡贵齐','删除资产','id：333395'),(57,'2016-08-08 15:57:30','胡贵齐','用户登录','用户名：hugq@xipudata.com'),(58,'2016-08-08 15:57:58','胡贵齐','删除资产','id：333412'),(59,'2016-08-08 16:02:25','胡贵齐','删除资产','id：333413'),(60,'2016-08-08 16:09:25','胡贵齐','用户登录','用户名：hugq@xipudata.com'),(61,'2016-08-08 16:10:38','胡贵齐','用户登录','用户名：hugq@xipudata.com'),(62,'2016-08-08 16:13:02','胡贵齐','用户登录','用户名：hugq@xipudata.com'),(63,'2016-08-08 16:13:10','胡贵齐','删除资产','id：333416'),(64,'2016-08-08 16:13:49','胡贵齐','删除资产','id：333414'),(65,'2016-08-08 16:14:11','胡贵齐','用户登录','用户名：hugq@xipudata.com'),(66,'2016-08-08 16:14:20','胡贵齐','修改资产','所有者：admin 改为 user1，……，备注：无 改为 固定资产'),(67,'2016-08-08 16:14:25','胡贵齐','删除资产','id：333415'),(68,'2016-08-08 16:16:15','胡贵齐','删除资产','id：333418'),(69,'2016-08-08 16:18:22','胡贵齐','增加资产','id：1，所有者：admin，……，备注：无'),(70,'2016-08-08 16:18:58','胡贵齐','增加资产','id：1，所有者：admin，……，备注：无'),(71,'2016-08-08 16:20:09','胡贵齐','增加资产','id：1，所有者：admin，……，备注：无'),(72,'2016-08-08 16:20:29','胡贵齐','增加资产','id：1，所有者：admin，……，备注：无'),(73,'2016-08-08 16:20:54','胡贵齐','用户登录','用户名：hugq@xipudata.com'),(74,'2016-08-08 16:21:05','胡贵齐','增加资产','id：1，所有者：admin，……，备注：无'),(75,'2016-08-08 16:23:04','胡贵齐','增加资产','id：1，所有者：admin，……，备注：无'),(76,'2016-08-08 16:23:32','胡贵齐','修改资产','所有者：admin 改为 user1，……，备注：无 改为 固定资产'),(77,'2016-08-08 16:23:56','胡贵齐','增加资产','id：1，所有者：admin，……，备注：无'),(78,'2016-08-08 16:26:49','胡贵齐','用户退出','用户名：胡贵齐'),(79,'2016-08-08 16:26:50','胡贵齐','用户登录','用户名：hugq@xipudata.com'),(80,'2016-08-08 16:29:13','胡贵齐','删除资产','id：333419'),(81,'2016-08-08 16:29:35','胡贵齐','删除资产','id：333406'),(82,'2016-08-08 16:29:49','胡贵齐','删除资产','id：333408'),(83,'2016-08-08 16:30:05','胡贵齐','修改资产','所有者：admin 改为 user1，……，备注：无 改为 固定资产'),(84,'2016-08-08 16:31:13','胡贵齐','用户登录','用户名：hugq@xipudata.com'),(85,'2016-08-08 16:32:53','胡贵齐','修改资产','所有者：admin 改为 user1，……，备注：无 改为 固定资产'),(86,'2016-08-08 16:58:26','胡贵齐','用户登录','用户名：hugq@xipudata.com'),(87,'2016-08-08 17:08:44','胡贵齐','修改资产','所有者：admin 改为 user1，……，备注：无 改为 固定资产'),(88,'2016-08-08 17:09:50','胡贵齐','修改资产','所有者：admin 改为 user1，……，备注：无 改为 固定资产'),(89,'2016-08-08 17:15:15','胡贵齐','删除资产','id：333422'),(90,'2016-08-08 17:22:05','胡贵齐','删除资产','id：333424'),(91,'2016-08-08 17:25:39','胡贵齐','删除资产','id：333423'),(92,'2016-08-08 17:30:52','胡贵齐','删除资产','id：333425'),(93,'2016-08-08 17:30:56','胡贵齐','删除资产','id：333426'),(94,'2016-08-08 17:34:26','胡贵齐','增加资产','id：1，所有者：admin，……，备注：无'),(95,'2016-08-08 17:35:00','胡贵齐','增加资产','id：1，所有者：admin，……，备注：无'),(96,'2016-08-08 18:12:02','胡贵齐','用户登录','用户名：hugq@xipudata.com'),(97,'2016-08-08 18:12:19','胡贵齐','修改资产','所有者：admin 改为 user1，……，备注：无 改为 固定资产'),(98,'2016-08-08 18:12:33','胡贵齐','修改资产','所有者：admin 改为 user1，……，备注：无 改为 固定资产'),(99,'2016-08-08 18:12:40','胡贵齐','删除资产','id：333432'),(100,'2016-08-08 18:12:45','胡贵齐','删除资产','id：333431'),(101,'2016-08-08 19:17:26','胡贵齐','用户登录','用户名：hugq@xipudata.com'),(102,'2016-08-08 19:19:52','胡贵齐','删除资产','id：333417'),(103,'2016-08-08 19:20:13','胡贵齐','修改资产','所有者：admin 改为 user1，……，备注：无 改为 固定资产'),(104,'2016-08-08 19:20:17','胡贵齐','删除资产','id：333430'),(105,'2016-08-08 19:21:36','胡贵齐','修改资产','所有者：admin 改为 user1，……，备注：无 改为 固定资产'),(106,'2016-08-09 09:17:28','胡贵齐','用户登录','用户名：hugq@xipudata.com'),(107,'2016-08-09 09:17:48','胡贵齐','修改资产','所有者：admin 改为 user1，……，备注：无 改为 固定资产'),(108,'2016-08-09 09:24:56','胡贵齐','修改资产','所有者：admin 改为 user1，……，备注：无 改为 固定资产'),(109,'2016-08-09 09:29:21','胡贵齐','修改资产','所有者：admin 改为 user1，……，备注：无 改为 固定资产'),(110,'2016-08-09 09:30:00','胡贵齐','增加资产','id：1，所有者：admin，……，备注：无'),(111,'2016-08-09 09:33:22','胡贵齐','修改资产','所有者：admin 改为 user1，……，备注：无 改为 固定资产'),(112,'2016-08-09 09:59:30','胡贵齐','修改资产','所有者：admin 改为 user1，……，备注：无 改为 固定资产'),(113,'2016-08-09 10:03:29','胡贵齐','修改资产','所有者：admin 改为 user1，……，备注：无 改为 固定资产'),(114,'2016-08-09 10:05:29','胡贵齐','修改资产','所有者：admin 改为 user1，……，备注：无 改为 固定资产'),(115,'2016-08-09 10:24:27','胡贵齐','用户登录','用户名：hugq@xipudata.com'),(116,'2016-08-09 10:29:13','胡贵齐','用户登录','用户名：hugq@xipudata.com'),(117,'2016-08-09 10:35:17','胡贵齐','用户登录','用户名：hugq@xipudata.com'),(118,'2016-08-09 10:49:11','胡贵齐','修改资产','所有者：admin 改为 user1，……，备注：无 改为 固定资产'),(119,'2016-08-09 12:38:19','胡贵齐','删除资产','id：74'),(120,'2016-08-09 12:38:50','胡贵齐','增加资产','id：1，所有者：admin，……，备注：无'),(121,'2016-08-09 12:42:25','胡贵齐','修改资产','所有者：admin 改为 user1，……，备注：无 改为 固定资产'),(122,'2016-08-09 12:46:37','胡贵齐','用户退出','用户名：胡贵齐'),(123,'2016-08-09 12:53:22','胡贵齐','用户登录','用户名：hugq@xipudata.com'),(124,'2016-08-09 13:03:35','洪伟','用户登录','用户名：洪伟'),(125,'2016-08-09 13:07:19','胡贵齐','修改资产','所有者：admin 改为 user1，……，备注：无 改为 固定资产'),(126,'2016-08-09 13:37:53','洪伟','用户登录','用户名：洪伟'),(127,'2016-08-09 13:37:59','洪伟','用户退出','用户名：洪伟'),(128,'2016-08-09 13:38:05','洪伟','用户登录','用户名：洪伟'),(129,'2016-08-09 14:52:18','洪伟','用户登录','用户名：洪伟'),(130,'2016-08-09 15:21:37','洪伟','用户登录','用户名：洪伟'),(131,'2016-08-09 15:34:16','洪伟','用户登录','用户名：洪伟'),(132,'2016-08-09 16:00:13','洪伟','用户登录','用户名：洪伟'),(133,'2016-08-09 16:03:31','洪伟','用户登录','用户名：洪伟'),(134,'2016-08-09 16:03:36','洪伟','用户退出','用户名：洪伟'),(135,'2016-08-09 16:03:37','洪伟','用户登录','用户名：洪伟'),(136,'2016-08-09 16:05:18','洪伟','用户登录','用户名：洪伟'),(137,'2016-08-09 16:07:37','洪伟','用户登录','用户名：洪伟'),(138,'2016-08-09 16:08:40','洪伟','用户登录','用户名：洪伟'),(139,'2016-08-09 16:10:31','洪伟','用户登录','用户名：洪伟'),(140,'2016-08-09 16:16:48','程浩','用户登录','用户名：程浩'),(141,'2016-08-09 16:17:59','程浩','用户退出','用户名：程浩'),(142,'2016-08-09 16:18:08','胡贵齐','用户登录','用户名：胡贵齐'),(143,'2016-08-09 16:24:48','程浩','用户登录','用户名：程浩'),(144,'2016-08-09 16:26:47','洪伟','用户登录','用户名：洪伟'),(145,'2016-08-09 16:36:24','洪伟','用户登录','用户名：洪伟'),(146,'2016-08-09 16:39:27','洪伟','用户退出','用户名：洪伟'),(147,'2016-08-09 16:40:47','胡贵齐','用户登录','用户名：胡贵齐'),(148,'2016-08-09 16:40:49','胡贵齐','用户退出','用户名：胡贵齐'),(149,'2016-08-09 16:41:10','胡贵齐','用户登录','用户名：胡贵齐'),(150,'2016-08-09 16:41:42','胡贵齐','用户退出','用户名：胡贵齐'),(151,'2016-08-09 16:41:51','胡贵齐','用户登录','用户名：胡贵齐'),(152,'2016-08-09 16:48:16','胡贵齐','用户退出','用户名：胡贵齐'),(153,'2016-08-09 16:48:40','胡贵齐','用户登录','用户名：hugq@xipudata.com'),(154,'2016-08-09 17:05:50','程浩','用户登录','用户名：程浩'),(155,'2016-08-09 17:08:45','程浩','用户登录','用户名：程浩'),(156,'2016-08-09 17:16:38','胡贵齐','用户登录','用户名：胡贵齐'),(157,'2016-08-09 17:26:03','胡贵齐','用户登录','用户名：胡贵齐'),(158,'2016-08-09 17:40:00','胡贵齐','用户登录','用户名：胡贵齐'),(159,'2016-08-09 17:41:26','胡贵齐','用户登录','用户名：胡贵齐'),(160,'2016-08-09 17:51:36','胡贵齐','用户登录','用户名：胡贵齐'),(161,'2016-08-09 17:57:29','胡贵齐','用户登录','用户名：胡贵齐'),(162,'2016-08-09 17:59:31','胡贵齐','用户登录','用户名：胡贵齐'),(163,'2016-08-09 18:06:15','胡贵齐','用户登录','用户名：胡贵齐'),(164,'2016-08-09 18:28:12','胡贵齐','用户登录','用户名：胡贵齐'),(165,'2016-08-09 18:34:47','胡贵齐','修改资产','所有者：admin 改为 user1，……，备注：无 改为 固定资产'),(166,'2016-08-09 18:36:16','胡贵齐','修改资产','所有者：admin 改为 user1，……，备注：无 改为 固定资产'),(167,'2016-08-09 18:40:42','胡贵齐','用户退出','用户名：胡贵齐'),(168,'2016-08-09 18:43:14','胡贵齐','用户登录','用户名：胡贵齐'),(169,'2016-08-09 18:45:31','胡贵齐','用户登录','用户名：胡贵齐'),(170,'2016-08-09 18:55:58','胡贵齐','用户登录','用户名：胡贵齐'),(171,'2016-08-09 19:01:31','胡贵齐','用户登录','用户名：胡贵齐'),(172,'2016-08-09 19:05:31','胡贵齐','用户登录','用户名：胡贵齐'),(173,'2016-08-09 19:10:34','胡贵齐','增加资产','id：1，所有者：admin，……，备注：无'),(174,'2016-08-09 19:10:54','胡贵齐','用户退出','用户名：胡贵齐'),(175,'2016-08-09 19:11:32','胡贵齐','用户登录','用户名：胡贵齐'),(176,'2016-08-09 19:12:49','胡贵齐','增加资产','id：1，所有者：admin，……，备注：无'),(177,'2016-08-09 19:23:21','胡贵齐','用户登录','用户名：胡贵齐'),(178,'2016-08-10 09:43:08','胡贵齐','用户登录','用户名：胡贵齐'),(179,'2016-08-10 09:56:10','胡贵齐','用户登录','用户名：胡贵齐'),(180,'2016-08-10 10:33:45','胡贵齐','用户登录','用户名：胡贵齐'),(181,'2016-08-10 10:49:45','胡贵齐','用户登录','用户名：胡贵齐'),(182,'2016-08-10 13:50:31','胡贵齐','用户登录','用户名：胡贵齐'),(183,'2016-08-10 14:03:13','胡贵齐','用户登录','用户名：胡贵齐'),(184,'2016-08-10 14:13:46','胡贵齐','用户登录','用户名：胡贵齐'),(185,'2016-08-10 14:31:09','胡贵齐','用户登录','用户名：胡贵齐'),(186,'2016-08-10 14:55:26','胡贵齐','用户登录','用户名：胡贵齐'),(187,'2016-08-10 14:57:25','胡贵齐','用户登录','用户名：胡贵齐'),(188,'2016-08-10 15:02:45','胡贵齐','用户登录','用户名：胡贵齐'),(189,'2016-08-10 15:11:47','胡贵齐','修改资产','所有者：admin 改为 user1，……，备注：无 改为 固定资产'),(190,'2016-08-10 16:08:07','胡贵齐','用户登录','用户名：胡贵齐'),(191,'2016-08-10 16:58:24','胡贵齐','用户登录','用户名：胡贵齐'),(192,'2016-08-10 18:02:03','胡贵齐','用户登录','用户名：胡贵齐'),(193,'2016-08-10 18:03:45','胡贵齐','删除资产','id：333421'),(194,'2016-08-10 18:03:50','胡贵齐','用户退出','用户名：胡贵齐'),(195,'2016-08-10 18:03:51','胡贵齐','用户登录','用户名：胡贵齐'),(196,'2016-08-10 18:43:49','胡贵齐','用户登录','用户名：胡贵齐'),(197,'2016-08-11 09:30:24','胡贵齐','用户登录','用户名：胡贵齐'),(198,'2016-08-11 10:06:47','胡贵齐','修改资产','所有者：admin 改为 user1，……，备注：无 改为 固定资产'),(199,'2016-08-11 10:07:35','胡贵齐','修改资产','所有者：admin 改为 user1，……，备注：无 改为 固定资产'),(200,'2016-08-11 10:08:50','胡贵齐','用户登录','用户名：胡贵齐'),(201,'2016-08-11 10:18:41','胡贵齐','用户登录','用户名：胡贵齐'),(202,'2016-08-11 10:26:09','胡贵齐','用户登录','用户名：胡贵齐'),(203,'2016-08-11 10:31:33','胡贵齐','删除资产','id：333429'),(204,'2016-08-11 10:41:44','胡贵齐','用户登录','用户名：胡贵齐'),(205,'2016-08-11 10:41:54','胡贵齐','修改资产','所有者：admin 改为 user1，……，备注：无 改为 固定资产'),(206,'2016-08-11 10:46:29','胡贵齐','修改资产','所有者：admin 改为 user1，……，备注：无 改为 固定资产'),(207,'2016-08-11 11:06:47','胡贵齐','用户登录','用户名：胡贵齐'),(208,'2016-08-11 11:06:48','胡贵齐','用户退出','用户名：胡贵齐'),(209,'2016-08-11 11:07:26','胡贵齐','用户退出','用户名：胡贵齐'),(210,'2016-08-11 11:07:34','胡贵齐','用户登录','用户名：胡贵齐'),(211,'2016-08-11 11:07:37','胡贵齐','用户退出','用户名：胡贵齐'),(212,'2016-08-11 11:17:35','胡贵齐','用户登录','用户名：hugq@xipudata.com'),(213,'2016-08-11 11:17:52','胡贵齐','修改资产','所有者：admin 改为 user1，……，备注：无 改为 固定资产'),(214,'2016-08-11 14:00:42','胡贵齐','用户登录','用户名：胡贵齐'),(215,'2016-08-11 14:21:32','胡贵齐','用户登录','用户名：胡贵齐'),(216,'2016-08-11 14:21:51','胡贵齐','删除资产','id：333407'),(217,'2016-08-11 14:23:04','胡贵齐','删除资产','id：333409'),(218,'2016-08-11 14:26:14','胡贵齐','修改资产','所有者：admin 改为 user1，……，备注：无 改为 固定资产'),(219,'2016-08-11 14:30:09','胡贵齐','用户登录','用户名：胡贵齐'),(220,'2016-08-11 14:30:23','胡贵齐','修改资产','所有者：admin 改为 user1，……，备注：无 改为 固定资产'),(221,'2016-08-11 14:31:44','胡贵齐','用户登录','用户名：胡贵齐'),(222,'2016-08-11 14:31:53','胡贵齐','修改资产','所有者：admin 改为 user1，……，备注：无 改为 固定资产'),(223,'2016-08-11 14:36:09','胡贵齐','用户登录','用户名：胡贵齐'),(224,'2016-08-11 14:36:22','胡贵齐','修改资产','所有者：admin 改为 user1，……，备注：无 改为 固定资产'),(225,'2016-08-11 14:38:31','胡贵齐','用户登录','用户名：胡贵齐'),(226,'2016-08-11 14:38:39','胡贵齐','修改资产','所有者：admin 改为 user1，……，备注：无 改为 固定资产'),(227,'2016-08-11 14:38:53','胡贵齐','修改资产','所有者：admin 改为 user1，……，备注：无 改为 固定资产'),(228,'2016-08-11 14:48:20','胡贵齐','用户登录','用户名：胡贵齐'),(229,'2016-08-11 14:54:02','胡贵齐','用户登录','用户名：胡贵齐'),(230,'2016-08-11 14:58:22','胡贵齐','用户登录','用户名：胡贵齐'),(231,'2016-08-11 15:11:31','胡贵齐','用户登录','用户名：胡贵齐'),(232,'2016-08-11 15:13:28','胡贵齐','用户登录','用户名：胡贵齐'),(233,'2016-08-11 15:15:52','胡贵齐','用户登录','用户名：胡贵齐'),(234,'2016-08-11 15:16:10','胡贵齐','增加资产','id：1，所有者：admin，……，备注：无'),(235,'2016-08-11 15:17:53','胡贵齐','用户登录','用户名：胡贵齐'),(236,'2016-08-11 15:18:06','胡贵齐','增加资产','id：1，所有者：admin，……，备注：无'),(237,'2016-08-11 15:20:39','胡贵齐','增加资产','id：1，所有者：admin，……，备注：无'),(238,'2016-08-11 15:22:54','胡贵齐','增加资产','id：1，所有者：admin，……，备注：无'),(239,'2016-08-11 15:24:06','胡贵齐','用户登录','用户名：胡贵齐'),(240,'2016-08-11 15:24:27','胡贵齐','增加资产','id：1，所有者：admin，……，备注：无'),(241,'2016-08-11 15:24:45','胡贵齐','修改资产','所有者：admin 改为 user1，……，备注：无 改为 固定资产'),(242,'2016-08-11 15:26:36','胡贵齐','修改资产','所有者：admin 改为 user1，……，备注：无 改为 固定资产'),(243,'2016-08-11 15:26:46','胡贵齐','修改资产','所有者：admin 改为 user1，……，备注：无 改为 固定资产'),(244,'2016-08-11 15:27:04','胡贵齐','增加资产','id：1，所有者：admin，……，备注：无'),(245,'2016-08-11 15:28:25','胡贵齐','修改资产','所有者：admin 改为 user1，……，备注：无 改为 固定资产'),(246,'2016-08-11 16:17:55','胡贵齐','修改资产','所有者：admin 改为 user1，……，备注：无 改为 固定资产'),(247,'2016-08-11 16:18:03','胡贵齐','修改资产','所有者：admin 改为 user1，……，备注：无 改为 固定资产'),(248,'2016-08-11 16:21:25','胡贵齐','用户退出','用户名：胡贵齐'),(249,'2016-08-11 16:21:31','胡贵齐','用户登录','用户名：胡贵齐'),(250,'2016-08-11 16:23:42','胡贵齐','用户登录','用户名：胡贵齐'),(251,'2016-08-11 16:23:49','胡贵齐','用户退出','用户名：胡贵齐'),(252,'2016-08-11 16:24:00','胡贵齐','用户登录','用户名：胡贵齐'),(253,'2016-08-11 16:24:12','胡贵齐','修改资产','所有者：admin 改为 user1，……，备注：无 改为 固定资产'),(254,'2016-08-11 16:24:27','胡贵齐','修改资产','所有者：admin 改为 user1，……，备注：无 改为 固定资产'),(255,'2016-08-11 16:24:36','胡贵齐','修改资产','所有者：admin 改为 user1，……，备注：无 改为 固定资产'),(256,'2016-08-11 16:26:11','胡贵齐','增加资产','id：1，所有者：admin，……，备注：无'),(257,'2016-08-11 16:27:07','胡贵齐','修改资产','所有者：admin 改为 user1，……，备注：无 改为 固定资产'),(258,'2016-08-11 16:45:31','胡贵齐','修改资产','所有者：admin 改为 user1，……，备注：无 改为 固定资产'),(259,'2016-08-11 16:46:31','胡贵齐','修改资产','所有者：admin 改为 user1，……，备注：无 改为 固定资产'),(260,'2016-08-11 16:46:57','胡贵齐','修改资产','所有者：admin 改为 user1，……，备注：无 改为 固定资产'),(261,'2016-08-11 16:47:11','胡贵齐','修改资产','所有者：admin 改为 user1，……，备注：无 改为 固定资产'),(262,'2016-08-11 17:04:00','胡贵齐','用户登录','用户名：胡贵齐'),(263,'2016-08-11 17:09:38','胡贵齐','增加资产','id：1，所有者：admin，……，备注：无'),(264,'2016-08-11 17:10:10','胡贵齐','用户退出','用户名：胡贵齐'),(265,'2016-08-11 17:10:11','胡贵齐','用户登录','用户名：胡贵齐'),(266,'2016-08-11 17:53:49','胡贵齐','用户登录','用户名：胡贵齐'),(267,'2016-08-11 17:53:59','胡贵齐','删除资产','id：333433'),(268,'2016-08-11 17:54:01','胡贵齐','删除资产','id：333436'),(269,'2016-08-11 17:54:05','胡贵齐','删除资产','id：333438'),(270,'2016-08-11 17:54:08','胡贵齐','删除资产','id：333435'),(271,'2016-08-11 17:54:12','胡贵齐','删除资产','id：333447'),(272,'2016-08-11 17:54:17','胡贵齐','删除资产','id：333448'),(273,'2016-08-11 17:54:25','胡贵齐','修改资产','所有者：admin 改为 user1，……，备注：无 改为 固定资产'),(274,'2016-08-11 17:57:47','胡贵齐','用户退出','用户名：胡贵齐'),(275,'2016-08-15 09:44:09','胡贵齐','用户登录','用户名：hugq@xipudata.com'),(276,'2016-08-15 09:44:34','胡贵齐','修改资产','所有者：admin 改为 user1，……，备注：无 改为 固定资产'),(277,'2016-08-15 09:47:26','胡贵齐','用户登录','用户名：胡贵齐'),(278,'2016-08-15 09:58:16','胡贵齐','用户退出','用户名：胡贵齐'),(279,'2016-08-15 09:58:31','胡贵齐','用户登录','用户名：胡贵齐'),(280,'2016-08-15 09:59:44','胡贵齐','修改资产','所有者：admin 改为 user1，……，备注：无 改为 固定资产'),(281,'2016-08-15 10:00:06','胡贵齐','修改资产','所有者：admin 改为 user1，……，备注：无 改为 固定资产'),(282,'2016-08-15 10:01:15','胡贵齐','用户退出','用户名：胡贵齐'),(283,'2016-08-15 10:27:34','胡贵齐','用户登录','用户名：胡贵齐'),(284,'2016-08-15 10:35:39','胡贵齐','用户登录','用户名：hugq@xipudata.com'),(285,'2016-08-15 10:35:57','胡贵齐','修改资产','所有者：admin 改为 user1，……，备注：无 改为 固定资产'),(286,'2016-08-15 10:41:35','胡贵齐','增加资产','id：1，所有者：admin，……，备注：无'),(287,'2016-08-15 10:54:19','胡贵齐','修改资产','所有者：admin 改为 user1，……，备注：无 改为 固定资产'),(288,'2016-08-15 10:54:23','胡贵齐','修改资产','所有者：admin 改为 user1，……，备注：无 改为 固定资产'),(289,'2016-08-15 10:54:26','胡贵齐','修改资产','所有者：admin 改为 user1，……，备注：无 改为 固定资产'),(290,'2016-08-15 10:54:29','胡贵齐','修改资产','所有者：admin 改为 user1，……，备注：无 改为 固定资产'),(291,'2016-08-15 10:54:33','胡贵齐','修改资产','所有者：admin 改为 user1，……，备注：无 改为 固定资产'),(292,'2016-08-15 11:13:54','胡贵齐','增加资产','id：1，所有者：admin，……，备注：无'),(293,'2016-08-15 11:36:43','胡贵齐','修改资产','所有者：admin 改为 user1，……，备注：无 改为 固定资产'),(294,'2016-08-17 12:04:15','胡贵齐','用户登录','用户名：hugq@xipudata.com'),(295,'2016-08-17 14:33:03','胡贵齐','用户登录','用户名：hugq@xipudata.com'),(296,'2016-08-17 14:33:15','胡贵齐','修改资产','所有者：admin 改为： 李四，……，备注：无 改为 固定资产'),(297,'2016-08-17 14:52:26','胡贵齐','用户登录','用户名：hugq@xipudata.com'),(299,'2016-08-17 15:05:17','胡贵齐','用户登录','用户名：hugq@xipudata.com'),(300,'2016-08-17 15:07:54','胡贵齐','修改资产','所有者：admin 改为: 11，……，备注改为 :22'),(301,'2016-08-17 15:10:12','胡贵齐','修改资产','所有者：admin 改为: 胡贵齐，……，备注改为 :从成都公司拿回/郭晋使用后转给李乐使用'),(302,'2016-08-17 15:10:31','胡贵齐','修改资产','所有者：admin 改为: 胡贵齐，……，备注改为 :从成都公司拿回'),(303,'2016-08-17 16:19:27','胡贵齐','用户登录','用户名：hugq@xipudata.com'),(304,'2016-08-17 16:37:26','胡贵齐','用户退出','用户名：胡贵齐'),(305,'2016-08-17 16:37:37','胡贵齐','用户登录','用户名：hugq@xipudata.com'),(306,'2016-08-17 16:48:36','郭晋','用户登录','用户名：gj@xipunet.com'),(307,'2016-08-17 16:50:37','郭晋','用户退出','用户名：郭晋'),(308,'2016-08-17 17:04:03','邹舟','用户登录','用户名：zz@xipunet.com'),(309,'2016-08-17 17:06:00','邹舟','用户退出','用户名：邹舟'),(310,'2016-08-17 17:08:16','胡贵齐','用户登录','用户名：hugq@xipudata.com'),(311,'2016-08-17 17:09:02','邹舟','用户登录','用户名：zouz@xipunet.com'),(312,'2016-08-18 11:27:37','胡贵齐','用户登录','用户名：胡贵齐'),(313,'2016-08-18 16:54:06','胡贵齐','用户登录','用户名：hugq@xipudata.com'),(314,'2016-08-19 10:49:16','胡贵齐','用户登录','用户名：胡贵齐'),(315,'2016-08-19 10:52:49','胡贵齐','用户登录','用户名：胡贵齐'),(316,'2016-08-19 10:55:24','胡贵齐','用户登录','用户名：胡贵齐'),(317,'2016-08-19 10:59:44','胡贵齐','用户登录','用户名：hugq@xipudata.com'),(318,'2016-08-19 11:03:40','胡贵齐','用户登录','用户名：hugq@xipudata.com'),(319,'2016-08-19 11:08:31','胡贵齐','用户登录','用户名：hugq@xipudata.com'),(320,'2016-08-19 11:09:14','胡贵齐','用户登录','用户名：hugq@xipudata.com'),(321,'2016-08-22 10:23:31','胡贵齐','用户登录','用户名：hugq@xipudata.com'),(322,'2016-08-22 10:51:47','胡贵齐','用户退出','用户名：胡贵齐'),(323,'2016-08-22 10:51:48','胡贵齐','用户登录','用户名：hugq@xipudata.com'),(324,'2016-08-22 10:56:49','胡贵齐','用户登录','用户名：hugq@xipudata.com'),(325,'2016-08-22 14:28:15','胡贵齐','用户登录','用户名：hugq@xipudata.com'),(326,'2016-08-22 14:28:58','胡贵齐','用户退出','用户名：胡贵齐'),(327,'2016-08-22 14:29:06','胡贵齐','用户登录','用户名：hugq@xipudata.com'),(328,'2016-08-22 14:46:43','胡贵齐','用户登录','用户名：hugq@xipudata.com'),(329,'2016-08-22 14:54:01','胡贵齐','增加资产','id：1，所有者：admin，……，备注：无'),(330,'2016-08-22 14:54:25','胡贵齐','修改资产','所有者：admin 改为: zhangmeng，……，备注改为 :成都公司拿回	'),(331,'2016-08-22 14:54:41','胡贵齐','修改资产','所有者：admin 改为: zhangmeng，……，备注改为 :成都公司拿回	'),(332,'2016-08-22 15:01:01','胡贵齐','用户登录','用户名：hugq@xipudata.com'),(333,'2016-08-22 15:12:19','胡贵齐','用户登录','用户名：hugq@xipudata.com'),(334,'2016-08-22 15:13:10','胡贵齐','用户登录','用户名：hugq@xipudata.com'),(335,'2016-08-22 15:15:12','胡贵齐','用户登录','用户名：hugq@xipudata.com'),(336,'2016-08-22 15:42:41','胡贵齐','用户登录','用户名：hugq@xipudata.com'),(337,'2016-08-22 15:51:10','胡贵齐','用户登录','用户名：hugq@xipudata.com'),(338,'2016-08-22 15:53:46','胡贵齐','用户登录','用户名：hugq@xipudata.com'),(339,'2016-08-22 15:55:53','胡贵齐','用户登录','用户名：hugq@xipudata.com'),(340,'2016-08-22 16:17:33','胡贵齐','用户登录','用户名：hugq@xipudata.com'),(341,'2016-08-22 16:52:20','胡贵齐','用户登录','用户名：hugq@xipudata.com'),(342,'2016-08-22 17:30:46','胡贵齐','用户登录','用户名：hugq@xipudata.com'),(343,'2016-08-22 18:15:51','胡贵齐','修改资产','所有者：admin 改为: 2，……，备注改为 :32'),(344,'2016-08-22 18:16:03','胡贵齐','修改资产','所有者：admin 改为: 哈哈，……，备注改为 :32'),(345,'2016-08-22 18:17:40','胡贵齐','用户退出','用户名：胡贵齐'),(346,'2016-08-22 18:17:41','胡贵齐','用户登录','用户名：hugq@xipudata.com'),(347,'2016-08-22 18:48:47','胡贵齐','用户退出','用户名：胡贵齐'),(348,'2016-08-22 18:49:00','胡贵齐','用户登录','用户名：胡贵齐'),(349,'2016-08-22 19:35:06','胡贵齐','用户登录','用户名：胡贵齐'),(350,'2016-08-22 19:36:39','胡贵齐','用户登录','用户名：胡贵齐'),(351,'2016-08-22 19:37:26','胡贵齐','用户登录','用户名：胡贵齐'),(352,'2016-08-22 19:39:57','胡贵齐','用户登录','用户名：胡贵齐'),(353,'2016-08-22 20:20:01','胡贵齐','用户登录','用户名：胡贵齐'),(354,'2016-08-22 20:43:29','胡贵齐','用户登录','用户名：胡贵齐'),(355,'2016-08-22 20:46:14','胡贵齐','用户登录','用户名：胡贵齐'),(356,'2016-08-22 20:49:23','胡贵齐','用户登录','用户名：胡贵齐'),(357,'2016-08-22 20:49:41','胡贵齐','用户退出','用户名：胡贵齐'),(358,'2016-08-22 20:49:50','胡贵齐','用户登录','用户名：胡贵齐'),(359,'2016-08-22 20:51:35','胡贵齐','用户登录','用户名：胡贵齐'),(360,'2016-08-23 09:03:27','胡贵齐','用户登录','用户名：胡贵齐'),(361,'2016-08-23 10:03:02','胡贵齐','用户登录','用户名：胡贵齐'),(362,'2016-08-23 10:13:41','胡贵齐','用户退出','用户名：胡贵齐'),(363,'2016-08-23 10:13:43','胡贵齐','用户登录','用户名：胡贵齐'),(364,'2016-08-23 10:40:52','胡贵齐','用户退出','用户名：胡贵齐'),(365,'2016-08-23 10:40:54','胡贵齐','用户登录','用户名：胡贵齐'),(366,'2016-08-23 11:02:01','胡贵齐','用户退出','用户名：胡贵齐'),(367,'2016-08-23 11:02:07','胡贵齐','用户登录','用户名：胡贵齐'),(368,'2016-08-23 11:25:15','胡贵齐','用户退出','用户名：胡贵齐'),(369,'2016-08-23 11:28:51','胡贵齐','用户登录','用户名：胡贵齐'),(370,'2016-08-23 14:16:08','胡贵齐','用户登录','用户名：胡贵齐'),(371,'2016-08-23 14:16:18','胡贵齐','用户退出','用户名：胡贵齐'),(372,'2016-08-23 14:16:19','胡贵齐','用户登录','用户名：胡贵齐'),(373,'2016-08-23 14:18:08','胡贵齐','用户退出','用户名：胡贵齐'),(374,'2016-08-23 14:18:10','胡贵齐','用户登录','用户名：胡贵齐'),(375,'2016-08-23 14:18:54','胡贵齐','用户退出','用户名：胡贵齐'),(376,'2016-08-23 14:18:55','胡贵齐','用户登录','用户名：胡贵齐'),(377,'2016-08-23 14:19:20','胡贵齐','修改资产','所有者：admin 改为: 11，……，备注改为 :22'),(378,'2016-08-23 14:20:03','胡贵齐','用户退出','用户名：胡贵齐'),(379,'2016-08-23 14:20:15','胡贵齐','用户登录','用户名：胡贵齐'),(380,'2016-08-23 14:25:35','胡贵齐','增加资产','id：1，所有者：admin，……，备注：无'),(381,'2016-08-24 09:58:57','胡贵齐','用户登录','用户名：胡贵齐'),(382,'2016-08-24 10:00:09','胡贵齐','用户退出','用户名：胡贵齐'),(383,'2016-08-24 10:00:10','胡贵齐','用户登录','用户名：胡贵齐'),(384,'2016-08-24 10:07:52','胡贵齐','用户登录','用户名：胡贵齐'),(385,'2016-08-24 10:08:54','胡贵齐','用户登录','用户名：胡贵齐'),(386,'2016-08-24 10:11:24','胡贵齐','用户登录','用户名：胡贵齐'),(387,'2016-08-24 10:23:54','胡贵齐','用户登录','用户名：胡贵齐'),(388,'2016-08-24 10:24:07','胡贵齐','用户退出','用户名：胡贵齐'),(389,'2016-08-24 10:24:08','胡贵齐','用户登录','用户名：胡贵齐'),(390,'2016-08-24 10:31:29','胡贵齐','用户登录','用户名：胡贵齐'),(391,'2016-08-24 10:48:30','胡贵齐','增加资产','id：1，所有者：admin，……，备注：无'),(392,'2016-08-24 10:50:53','胡贵齐','修改资产','所有者：admin 改为: 程兴，……，备注改为 :新买的'),(393,'2016-08-24 11:01:28','胡贵齐','用户登录','用户名：胡贵齐'),(394,'2016-08-24 11:24:28','胡贵齐','用户退出','用户名：胡贵齐'),(395,'2016-08-24 11:24:50','胡贵齐','用户登录','用户名：胡贵齐'),(396,'2016-08-24 11:25:07','胡贵齐','修改资产','所有者：admin 改为: 李四，……，备注改为 :3'),(397,'2016-08-24 11:58:21','胡贵齐','用户登录','用户名：胡贵齐'),(398,'2016-08-24 12:00:09','胡贵齐','用户登录','用户名：胡贵齐'),(399,'2016-08-24 12:10:08','胡贵齐','用户登录','用户名：胡贵齐'),(400,'2016-08-24 12:16:28','胡贵齐','用户登录','用户名：胡贵齐'),(401,'2016-08-24 12:53:40','胡贵齐','用户登录','用户名：胡贵齐'),(402,'2016-08-24 12:55:00','胡贵齐','用户登录','用户名：胡贵齐'),(403,'2016-08-24 13:04:00','胡贵齐','用户登录','用户名：胡贵齐'),(404,'2016-08-24 13:15:00','胡贵齐','用户登录','用户名：胡贵齐'),(405,'2016-08-24 13:16:50','胡贵齐','用户登录','用户名：胡贵齐'),(406,'2016-08-24 14:08:43','胡贵齐','用户登录','用户名：胡贵齐'),(407,'2016-08-24 14:32:21','胡贵齐','用户登录','用户名：胡贵齐'),(408,'2016-08-24 14:34:39','胡贵齐','用户登录','用户名：胡贵齐'),(409,'2016-08-24 14:39:42','胡贵齐','用户登录','用户名：胡贵齐'),(410,'2016-08-24 14:44:49','胡贵齐','用户登录','用户名：胡贵齐'),(411,'2016-08-24 14:46:50','胡贵齐','用户登录','用户名：胡贵齐'),(412,'2016-08-24 14:47:23','胡贵齐','用户登录','用户名：胡贵齐'),(413,'2016-08-24 14:51:36','胡贵齐','用户登录','用户名：胡贵齐'),(414,'2016-08-24 14:52:54','胡贵齐','用户登录','用户名：胡贵齐'),(415,'2016-08-24 15:27:40','胡贵齐','用户登录','用户名：胡贵齐'),(416,'2016-08-24 15:31:46','胡贵齐','用户登录','用户名：胡贵齐'),(417,'2016-08-24 15:32:02','胡贵齐','用户登录','用户名：胡贵齐'),(418,'2016-08-25 10:41:52','胡贵齐','用户登录','用户名：胡贵齐'),(419,'2016-08-25 11:01:51','胡贵齐','用户登录','用户名：胡贵齐'),(420,'2016-08-25 11:02:42','胡贵齐','用户退出','用户名：胡贵齐'),(421,'2016-08-25 11:02:44','胡贵齐','用户登录','用户名：胡贵齐'),(422,'2016-08-25 11:02:46','胡贵齐','用户退出','用户名：胡贵齐'),(423,'2016-08-25 11:05:41','胡贵齐','用户登录','用户名：胡贵齐'),(424,'2016-08-25 11:07:11','胡贵齐','用户登录','用户名：胡贵齐'),(425,'2016-08-25 11:07:21','胡贵齐','用户登录','用户名：胡贵齐');

/*Table structure for table `user` */

DROP TABLE IF EXISTS `user`;

CREATE TABLE `user` (
  `id` int(11) NOT NULL AUTO_INCREMENT,
  `username` varchar(10) DEFAULT NULL,
  `PASSWORD` varchar(20) DEFAULT NULL,
  `email` varchar(30) DEFAULT NULL,
  `company_id` int(11) DEFAULT NULL,
  PRIMARY KEY (`id`)
) ENGINE=InnoDB AUTO_INCREMENT=11 DEFAULT CHARSET=utf8;

/*Data for the table `user` */

insert  into `user`(`id`,`username`,`PASSWORD`,`email`,`company_id`) values (1,'胡贵齐','6666','hugq@xipudata.com',NULL),(2,'程浩','123','chengh@xipudata.com',3),(3,'陈锴','xp888','chenk@xipudata.com',3),(4,'邵雪倩','xp888','shaoxq@xipudata.com',3),(5,'陈祖涛','xp888','chenzt@xipudata.com',3),(6,'张峻滔','xp888','zhangjt@xipudata.com',3),(7,'廖双飞','xp888','liaosf@xipudata.com',3),(8,'洪伟','','hongw@xipudata.com',3),(9,'郭晋','xp888','gj@xipunet.com',3),(10,'邹舟','xp888','zouz@xipunet.com',NULL);

/*!40101 SET SQL_MODE=@OLD_SQL_MODE */;
/*!40014 SET FOREIGN_KEY_CHECKS=@OLD_FOREIGN_KEY_CHECKS */;
/*!40014 SET UNIQUE_CHECKS=@OLD_UNIQUE_CHECKS */;
/*!40111 SET SQL_NOTES=@OLD_SQL_NOTES */;
